<?xml version="1.0" encoding="utf-8"?>
<annotations>
  <version>1.1</version>
  <meta>
    <task>
      <id>4</id>
      <name>Horses</name>
      <size>8</size>
      <mode>annotation</mode>
      <overlap>0</overlap>
      <bugtracker></bugtracker>
      <created>2022-05-11 07:46:27.290829+00:00</created>
      <updated>2022-05-11 07:47:49.727570+00:00</updated>
      <subset>default</subset>
      <start_frame>0</start_frame>
      <stop_frame>7</stop_frame>
      <frame_filter></frame_filter>
      <segments>
        <segment>
          <id>4</id>
          <start>0</start>
          <stop>7</stop>
          <url>http192.168.103.67:8080/?id=4</url>
        </segment>
      </segments>
      <owner>
        <username>superadmin</username>
        <email>superadmin@admin.io</email>
      </owner>
      <assignee></assignee>
      <labels>
        <label>
          <name>horse</name>
          <color>#408060</color>
          <attributes>
          </attributes>
        </label>
      </labels>
    </task>
    <dumped>2022-05-11 07:47:59.996265+00:00</dumped>
  </meta>
  <image id="0" name="random-images-000.jpg" width="4342" height="2403">
    <box label="horse" occluded="0" source="manual" xtl="150.53" ytl="798.28" xbr="1949.35" ybr="2186.54" z_order="0">
    </box>
  </image>
  <image id="1" name="random-images-004.jpg" width="3298" height="4947">
  </image>
  <image id="2" name="random-images-008.jpg" width="3716" height="6000">
  </image>
  <image id="3" name="random-images-009.jpg" width="5304" height="7952">
  </image>
  <image id="4" name="random-images-010.jpg" width="3596" height="5461">
  </image>
  <image id="5" name="random-images-040.jpg" width="4000" height="6000">
  </image>
  <image id="6" name="random-images-051.jpg" width="5184" height="3456">
  </image>
  <image id="7" name="random-images-061.jpg" width="4032" height="3024">
  </image>
</annotations>
