<?xml version="1.0" encoding="utf-8"?>
<annotations>
  <version>1.1</version>
  <meta>
    <task>
      <id>2</id>
      <name>Random Images</name>
      <size>90</size>
      <mode>annotation</mode>
      <overlap>0</overlap>
      <bugtracker></bugtracker>
      <created>2022-05-11 06:45:18.135022+00:00</created>
      <updated>2022-05-11 07:43:59.428984+00:00</updated>
      <subset>default</subset>
      <start_frame>0</start_frame>
      <stop_frame>89</stop_frame>
      <frame_filter></frame_filter>
      <segments>
        <segment>
          <id>2</id>
          <start>0</start>
          <stop>89</stop>
          <url>http192.168.103.67:8080/?id=2</url>
        </segment>
      </segments>
      <owner>
        <username>superadmin</username>
        <email>superadmin@admin.io</email>
      </owner>
      <assignee></assignee>
      <labels>
        <label>
          <name>person</name>
          <color>#c06060</color>
          <attributes>
          </attributes>
        </label>
        <label>
          <name>dog</name>
          <color>#406040</color>
          <attributes>
          </attributes>
        </label>
        <label>
          <name>cat</name>
          <color>#6080c0</color>
          <attributes>
          </attributes>
        </label>
        <label>
          <name>horse</name>
          <color>#408060</color>
          <attributes>
          </attributes>
        </label>
        <label>
          <name>aeroplane</name>
          <color>#808000</color>
          <attributes>
          </attributes>
        </label>
        <label>
          <name>car</name>
          <color>#2080c0</color>
          <attributes>
          </attributes>
        </label>
      </labels>
    </task>
    <dumped>2022-05-11 07:44:10.602056+00:00</dumped>
  </meta>
  <image id="0" name="random-images-000.jpg" width="4342" height="2403">
    <box label="horse" occluded="0" source="manual" xtl="478.39" ytl="801.23" xbr="2333.34" ybr="2092.02" z_order="0">
    </box>
  </image>
  <image id="1" name="random-images-001.jpg" width="275" height="183">
    <box label="person" occluded="0" source="manual" xtl="142.51" ytl="34.93" xbr="235.58" ybr="177.98" z_order="0">
    </box>
    <box label="person" occluded="0" source="manual" xtl="13.68" ytl="33.26" xbr="120.55" ybr="180.70" z_order="0">
    </box>
  </image>
  <image id="2" name="random-images-002.jpg" width="3419" height="5128">
  </image>
  <image id="3" name="random-images-003.jpg" width="4000" height="6000">
  </image>
  <image id="4" name="random-images-004.jpg" width="3298" height="4947">
  </image>
  <image id="5" name="random-images-005.jpg" width="4898" height="3266">
  </image>
  <image id="6" name="random-images-006.jpg" width="275" height="183">
  </image>
  <image id="7" name="random-images-007.jpg" width="3024" height="4032">
  </image>
  <image id="8" name="random-images-008.jpg" width="3716" height="6000">
  </image>
  <image id="9" name="random-images-009.jpg" width="5304" height="7952">
  </image>
  <image id="10" name="random-images-010.jpg" width="3596" height="5461">
  </image>
  <image id="11" name="random-images-011.jpg" width="4928" height="3264">
  </image>
  <image id="12" name="random-images-012.jpg" width="3648" height="5472">
  </image>
  <image id="13" name="random-images-013.jpg" width="255" height="198">
  </image>
  <image id="14" name="random-images-014.jpg" width="3456" height="5184">
  </image>
  <image id="15" name="random-images-015.jpg" width="3609" height="3609">
  </image>
  <image id="16" name="random-images-016.jpg" width="5046" height="3364">
  </image>
  <image id="17" name="random-images-017.jpg" width="4096" height="2703">
  </image>
  <image id="18" name="random-images-018.jpg" width="3648" height="5472">
  </image>
  <image id="19" name="random-images-019.jpg" width="5760" height="3840">
  </image>
  <image id="20" name="random-images-020.jpg" width="300" height="168">
  </image>
  <image id="21" name="random-images-021.jpg" width="221" height="228">
  </image>
  <image id="22" name="random-images-022.jpg" width="225" height="224">
  </image>
  <image id="23" name="random-images-023.jpg" width="3870" height="5267">
  </image>
  <image id="24" name="random-images-024.jpg" width="2500" height="3750">
  </image>
  <image id="25" name="random-images-025.jpg" width="2848" height="4288">
  </image>
  <image id="26" name="random-images-026.jpg" width="292" height="173">
  </image>
  <image id="27" name="random-images-027.jpg" width="272" height="185">
  </image>
  <image id="28" name="random-images-028.jpg" width="225" height="225">
  </image>
  <image id="29" name="random-images-029.jpg" width="6000" height="4000">
  </image>
  <image id="30" name="random-images-030.jpg" width="317" height="159">
  </image>
  <image id="31" name="random-images-031.jpg" width="260" height="194">
  </image>
  <image id="32" name="random-images-032.jpg" width="4366" height="3275">
  </image>
  <image id="33" name="random-images-033.jpg" width="6016" height="4016">
  </image>
  <image id="34" name="random-images-034.jpg" width="3744" height="5616">
  </image>
  <image id="35" name="random-images-035.jpg" width="3168" height="4752">
  </image>
  <image id="36" name="random-images-036.jpg" width="300" height="168">
  </image>
  <image id="37" name="random-images-037.jpg" width="3861" height="2574">
  </image>
  <image id="38" name="random-images-038.jpg" width="4510" height="3007">
  </image>
  <image id="39" name="random-images-039.jpg" width="5472" height="3648">
  </image>
  <image id="40" name="random-images-040.jpg" width="4000" height="6000">
  </image>
  <image id="41" name="random-images-041.jpg" width="5896" height="3931">
  </image>
  <image id="42" name="random-images-042.jpg" width="1944" height="2592">
  </image>
  <image id="43" name="random-images-043.jpg" width="4274" height="3205">
  </image>
  <image id="44" name="random-images-044.jpg" width="2853" height="3803">
  </image>
  <image id="45" name="random-images-045.jpg" width="287" height="176">
  </image>
  <image id="46" name="random-images-046.jpg" width="5105" height="2967">
  </image>
  <image id="47" name="random-images-047.jpg" width="2268" height="4032">
  </image>
  <image id="48" name="random-images-048.jpg" width="4000" height="6000">
  </image>
  <image id="49" name="random-images-049.jpg" width="4000" height="6000">
  </image>
  <image id="50" name="random-images-050.jpg" width="275" height="183">
  </image>
  <image id="51" name="random-images-051.jpg" width="5184" height="3456">
  </image>
  <image id="52" name="random-images-052.jpg" width="310" height="163">
  </image>
  <image id="53" name="random-images-053.jpg" width="3024" height="4032">
  </image>
  <image id="54" name="random-images-054.jpg" width="3944" height="2624">
  </image>
  <image id="55" name="random-images-055.jpg" width="2860" height="3815">
  </image>
  <image id="56" name="random-images-056.jpg" width="3552" height="5202">
  </image>
  <image id="57" name="random-images-057.jpg" width="359" height="140">
  </image>
  <image id="58" name="random-images-058.jpg" width="6685" height="4457">
  </image>
  <image id="59" name="random-images-059.jpg" width="3600" height="2400">
  </image>
  <image id="60" name="random-images-060.jpg" width="259" height="194">
  </image>
  <image id="61" name="random-images-061.jpg" width="4032" height="3024">
  </image>
  <image id="62" name="random-images-062.jpg" width="300" height="168">
  </image>
  <image id="63" name="random-images-063.jpg" width="4366" height="2729">
  </image>
  <image id="64" name="random-images-064.jpg" width="5888" height="3925">
  </image>
  <image id="65" name="random-images-065.jpg" width="3456" height="5184">
  </image>
  <image id="66" name="random-images-066.jpg" width="300" height="168">
  </image>
  <image id="67" name="random-images-067.jpg" width="5304" height="7952">
  </image>
  <image id="68" name="random-images-068.jpg" width="292" height="172">
  </image>
  <image id="69" name="random-images-069.jpg" width="275" height="183">
  </image>
  <image id="70" name="random-images-070.jpg" width="259" height="194">
  </image>
  <image id="71" name="random-images-071.jpg" width="235" height="214">
  </image>
  <image id="72" name="random-images-072.jpg" width="6196" height="4144">
  </image>
  <image id="73" name="random-images-073.jpg" width="5212" height="3475">
  </image>
  <image id="74" name="random-images-074.jpg" width="258" height="195">
  </image>
  <image id="75" name="random-images-075.jpg" width="275" height="183">
  </image>
  <image id="76" name="random-images-076.jpg" width="6000" height="4000">
  </image>
  <image id="77" name="random-images-077.jpg" width="4000" height="6000">
  </image>
  <image id="78" name="random-images-078.jpg" width="275" height="183">
  </image>
  <image id="79" name="random-images-079.jpg" width="5184" height="3456">
  </image>
  <image id="80" name="random-images-080.jpg" width="279" height="180">
  </image>
  <image id="81" name="random-images-081.jpg" width="3212" height="4016">
  </image>
  <image id="82" name="random-images-082.jpg" width="5184" height="3456">
  </image>
  <image id="83" name="random-images-083.jpg" width="4618" height="6927">
  </image>
  <image id="84" name="random-images-084.jpg" width="4652" height="3105">
  </image>
  <image id="85" name="random-images-085.jpg" width="168" height="300">
  </image>
  <image id="86" name="random-images-086.jpg" width="259" height="194">
  </image>
  <image id="87" name="random-images-087.jpg" width="1961" height="2937">
  </image>
  <image id="88" name="random-images-088.jpg" width="261" height="193">
  </image>
  <image id="89" name="random-images-089.jpg" width="4000" height="6000">
  </image>
</annotations>
